{
  "resource_pack_name": "vanilla",
  "texture_name": "atlas.items",
  "texture_data": {
    "egg_camel": {
      "textures": "textures/items/egg_camel"
    },
    "egg_lion": {
      "textures": "textures/items/egg_lion"
    },
    "egg_penguin": {
      "textures": "textures/items/egg_penguin"
    },
    "egg_tiger": {
      "textures": "textures/items/egg_tiger"
    },
    "egg_elephant": {
      "textures": "textures/items/egg_elephant"
    },
    "egg_deer": {
      "textures": "textures/items/egg_deer"
    },
    "egg_panther": {
      "textures": "textures/items/egg_panther"
    },
    "egg_frog": {
      "textures": "textures/items/egg_frog"
    },
    "egg_crocodile": {
      "textures": "textures/items/egg_crocodile"
    },
    "egg_mouse": {
      "textures": "textures/items/egg_mouse"
    },
    "gallardo": {
      "textures": "textures/items/gallardo"
    },
    "bench": {
      "textures": "textures/items/bench"
    },
    "christmas_tree": {
      "textures": "textures/items/christmas_tree"
    },
    "tivi": {
      "textures": "textures/items/tivi"
    },
    "closet": {
      "textures": "textures/items/closet"
    },
    "laptop": {
      "textures": "textures/items/laptop"
    },
    "piano": {
      "textures": "textures/items/piano"
    },
    "armchairs": {
      "textures": "textures/items/armchairs"
    },
    "chair": {
      "textures": "textures/items/chair"
    },
    "big_table": {
      "textures": "textures/items/big_table"
    },
    "small_table": {
      "textures": "textures/items/small_table"
    },
    "drone": {
      "textures": "textures/items/drone"
    },
    "colorful_gifts": {
      "textures": "textures/items/colorful_gifts"
    },
    "block:test": {
      "textures": "textures/items/pamobile/block_test"
    },
    "block:teleport": {
      "textures": "textures/items/pamobile/block_teleport"
    },
    "block:ride": {
      "textures": "textures/items/pamobile/block_ride"
    },
    "block:noclip": {
      "textures": "textures/items/pamobile/block_noclip"
    },
    "block:gravity": {
      "textures": "textures/items/pamobile/block_gravity"
    },
    "block:move": {
      "textures": "textures/items/pamobile/block_move"
    },
    "block:fly": {
      "textures": "textures/items/pamobile/block_fly"
    },
    "block:command_death_action": {
      "textures": "textures/items/pamobile/block_command_death_action"
    },
    "block:block_hurt_action": {
      "textures": "textures/items/pamobile/block_block_hurt_action"
    },
    "block:command_target_acquired_action": {
      "textures": "textures/items/pamobile/block_command_target_acquired_action"
    },
    "block:command_target_escape_action": {
      "textures": "textures/items/pamobile/block_command_target_escape_action"
    },
    "block:command_hurt_by_player_action": {
      "textures": "textures/items/pamobile/block_command_hurt_by_player_action"
    },
    "block:command_ignite_action": {
      "textures": "textures/items/pamobile/block_command_ignite_action"
    },
    "block:command_wake_with_owner_action": {
      "textures": "textures/items/pamobile/block_command_wake_with_owner_action"
    },
    "block:dialogue": {
      "textures": "textures/items/pamobile/block_dialogue"
    },
    "block:door": {
      "textures": "textures/items/pamobile/block_door"
    },
    "block:attack_wither_skulk": {
      "textures": "textures/items/pamobile/block_attack_wither_skulk"
    },
    "block:attack_fireball": {
      "textures": "textures/items/pamobile/block_attack_fireball"
    },
    "block:attack_arrow": {
      "textures": "textures/items/pamobile/block_attack_arrow"
    },
    "block:attack_small_fireball": {
      "textures": "textures/items/pamobile/block_attack_small_fireball"
    },
    "block:attack_snowball": {
      "textures": "textures/items/pamobile/block_attack_snowball"
    },
    "block:attack_ender_pearl": {
      "textures": "textures/items/pamobile/block_attack_ender_pearl"
    },
    "block:attack_wither_skull_dangerous": {
      "textures": "textures/items/pamobile/block_attack_wither_skull_dangerous"
    },
    "block:attack_splash_potion": {
      "textures": "textures/items/pamobile/block_attack_splash_potion"
    },
    "block:attack_egg": {
      "textures": "textures/items/pamobile/block_attack_egg"
    },
    "block:attack_dragon_fireball": {
      "textures": "textures/items/pamobile/block_attack_dragon_fireball"
    },
    "block:attack_shulker_bullet": {
      "textures": "textures/items/pamobile/block_attack_shulker_bullet"
    },
    "block:jump": {
      "textures": "textures/items/pamobile/block_jump"
    },
    "block:attack_thrown_trident": {
      "textures": "textures/items/pamobile/block_attack_thrown_trident"
    }
  }
}