{
  "format_version": "1.13.0",
  "minecraft:entity": {
    "description": {
      "identifier": "block:gravity",
      "is_spawnable": true,
      "is_summonable": true,
      "is_experimental": false,
      "runtime_identifier": "minecraft:iron_golem"
    },
    "component_groups": {
      "minecraft:unknown": {
        "minecraft:variant": {
          "value": 17
        }
      },
      "minecraft:netherreactor": {
        "minecraft:variant": {
          "value": 21
        }
      },
      "minecraft:allow": {
        "minecraft:variant": {
          "value": 22
        }
      },
      "minecraft:slime": {
        "minecraft:variant": {
          "value": 23
        }
      },
      "minecraft:purpur_block": {
        "minecraft:variant": {
          "value": 24
        }
      },
      "minecraft:gravel": {
        "minecraft:variant": {
          "value": 25
        }
      },
      "minecraft:deny": {
        "minecraft:variant": {
          "value": 26
        }
      },
      "minecraft:beacon": {
        "minecraft:variant": {
          "value": 27
        }
      },
      "minecraft:amethyst_block": {
        "minecraft:variant": {
          "value": 28
        }
      },
      "minecraft:white_stained_glass": {
        "minecraft:variant": {
          "value": 29
        }
      },
      "minecraft:orange_stained_glass": {
        "minecraft:variant": {
          "value": 30
        }
      },
      "minecraft:magenta_stained_glass": {
        "minecraft:variant": {
          "value": 31
        }
      },
      "minecraft:light_blue_stained_glass": {
        "minecraft:variant": {
          "value": 32
        }
      },
      "minecraft:yellow_stained_glass": {
        "minecraft:variant": {
          "value": 33
        }
      },
      "minecraft:lime_stained_glass": {
        "minecraft:variant": {
          "value": 34
        }
      },
      "minecraft:pink_stained_glass": {
        "minecraft:variant": {
          "value": 35
        }
      },
      "minecraft:gray_stained_glass": {
        "minecraft:variant": {
          "value": 36
        }
      },
      "minecraft:silver_stained_glass": {
        "minecraft:variant": {
          "value": 37
        }
      },
      "minecraft:cyan_stained_glass": {
        "minecraft:variant": {
          "value": 38
        }
      },
      "minecraft:purple_stained_glass": {
        "minecraft:variant": {
          "value": 39
        }
      },
      "minecraft:blue_stained_glass": {
        "minecraft:variant": {
          "value": 40
        }
      },
      "minecraft:brown_stained_glass": {
        "minecraft:variant": {
          "value": 41
        }
      },
      "minecraft:green_stained_glass": {
        "minecraft:variant": {
          "value": 42
        }
      },
      "minecraft:red_stained_glass": {
        "minecraft:variant": {
          "value": 43
        }
      },
      "minecraft:black_stained_glass": {
        "minecraft:variant": {
          "value": 44
        }
      },
      "minecraft:glowingobsidian": {
        "minecraft:variant": {
          "value": 47
        }
      },
      "minecraft:bedrock": {
        "minecraft:variant": {
          "value": 48
        }
      },
      "minecraft:azalea_leaves_flowers": {
        "minecraft:variant": {
          "value": 49
        }
      },
      "minecraft:azalea_leaves": {
        "minecraft:variant": {
          "value": 50
        }
      },
      "minecraft:blue_ice": {
        "minecraft:variant": {
          "value": 51
        }
      },
      "minecraft:brick": {
        "minecraft:variant": {
          "value": 52
        }
      },
      "minecraft:budding_amethyst": {
        "minecraft:variant": {
          "value": 53
        }
      },
      "minecraft:chrous_flower": {
        "minecraft:variant": {
          "value": 54
        }
      },
      "minecraft:chrous_plant": {
        "minecraft:variant": {
          "value": 55
        }
      },
      "minecraft:clay": {
        "minecraft:variant": {
          "value": 56
        }
      },
      "minecraft:coal_block": {
        "minecraft:variant": {
          "value": 57
        }
      },
      "minecraft:emerald_block": {
        "minecraft:variant": {
          "value": 46
        }
      },
      "minecraft:coarse_dirt": {
        "minecraft:variant": {
          "value": 58
        }
      },
      "minecraft:copper_block": {
        "minecraft:variant": {
          "value": 59
        }
      },
      "minecraft:exposed_copper_block": {
        "minecraft:variant": {
          "value": 60
        }
      },
      "minecraft:weathered_copper_block": {
        "minecraft:variant": {
          "value": 61
        }
      },
      "minecraft:oxidized_copper_block": {
        "minecraft:variant": {
          "value": 62
        }
      },
      "minecraft:cut_copper_block": {
        "minecraft:variant": {
          "value": 63
        }
      },
      "minecraft:exposed_cut_copper_block": {
        "minecraft:variant": {
          "value": 64
        }
      },
      "minecraft:weathered_cut_copper_block": {
        "minecraft:variant": {
          "value": 65
        }
      },
      "minecraft:oxidized_cut_copper_block": {
        "minecraft:variant": {
          "value": 66
        }
      },
      "minecraft:diamond_block": {
        "minecraft:variant": {
          "value": 67
        }
      },
      "minecraft:iron_block": {
        "minecraft:variant": {
          "value": 68
        }
      },
      "minecraft:gold_block": {
        "minecraft:variant": {
          "value": 69
        }
      },
      "minecraft:redstone_block": {
        "minecraft:variant": {
          "value": 70
        }
      },
      "minecraft:lapis_block": {
        "minecraft:variant": {
          "value": 71
        }
      },
      "minecraft:coarse_dirt": {
        "minecraft:variant": {
          "value": 72
        }
      },
      "minecraft:coal_ore": {
        "minecraft:variant": {
          "value": 73
        }
      },
      "minecraft:emerald_ore": {
        "minecraft:variant": {
          "value": 74
        }
      },
      "minecraft:copper_ore": {
        "minecraft:variant": {
          "value": 75
        }
      },
      "minecraft:diamond_ore": {
        "minecraft:variant": {
          "value": 76
        }
      },
      "minecraft:iron_ore": {
        "minecraft:variant": {
          "value": 77
        }
      },
      "minecraft:gold_ore": {
        "minecraft:variant": {
          "value": 78
        }
      },
      "minecraft:redstone_ore": {
        "minecraft:variant": {
          "value": 79
        }
      },
      "minecraft:lapis_ore": {
        "minecraft:variant": {
          "value": 80
        }
      },
      "minecraft:beacon": {
        "minecraft:variant": {
          "value": 81
        }
      },
      "minecraft:cobblestone": {
        "minecraft:variant": {
          "value": 83
        }
      },
      "minecraft:mossy_cobblestone": {
        "minecraft:variant": {
          "value": 84
        }
      },
      "minecraft:white_wool": {
        "minecraft:variant": {
          "value": 86
        }
      },
      "minecraft:orange_wool": {
        "minecraft:variant": {
          "value": 87
        }
      },
      "minecraft:magenta_wool": {
        "minecraft:variant": {
          "value": 88
        }
      },
      "minecraft:light_blue_wool": {
        "minecraft:variant": {
          "value": 89
        }
      },
      "minecraft:yellow_wool": {
        "minecraft:variant": {
          "value": 90
        }
      },
      "minecraft:lime_wool": {
        "minecraft:variant": {
          "value": 91
        }
      },
      "minecraft:pink_wool": {
        "minecraft:variant": {
          "value": 92
        }
      },
      "minecraft:gray_wool": {
        "minecraft:variant": {
          "value": 93
        }
      },
      "minecraft:silver_wool": {
        "minecraft:variant": {
          "value": 94
        }
      },
      "minecraft:cyan_wool": {
        "minecraft:variant": {
          "value": 95
        }
      },
      "minecraft:purple_wool": {
        "minecraft:variant": {
          "value": 96
        }
      },
      "minecraft:blue_wool": {
        "minecraft:variant": {
          "value": 97
        }
      },
      "minecraft:brown_wool": {
        "minecraft:variant": {
          "value": 98
        }
      },
      "minecraft:green_wool": {
        "minecraft:variant": {
          "value": 99
        }
      },
      "minecraft:red_wool": {
        "minecraft:variant": {
          "value": 100
        }
      },
      "minecraft:black_wool": {
        "minecraft:variant": {
          "value": 101
        }
      },
      "minecraft:white_concrete": {
        "minecraft:variant": {
          "value": 102
        }
      },
      "minecraft:orange_concrete": {
        "minecraft:variant": {
          "value": 103
        }
      },
      "minecraft:magenta_concrete": {
        "minecraft:variant": {
          "value": 104
        }
      },
      "minecraft:light_blue_concrete": {
        "minecraft:variant": {
          "value": 105
        }
      },
      "minecraft:yellow_concrete": {
        "minecraft:variant": {
          "value": 106
        }
      },
      "minecraft:lime_concrete": {
        "minecraft:variant": {
          "value": 107
        }
      },
      "minecraft:pink_concrete": {
        "minecraft:variant": {
          "value": 108
        }
      },
      "minecraft:gray_concrete": {
        "minecraft:variant": {
          "value": 109
        }
      },
      "minecraft:silver_concrete": {
        "minecraft:variant": {
          "value": 110
        }
      },
      "minecraft:cyan_concrete": {
        "minecraft:variant": {
          "value": 111
        }
      },
      "minecraft:purple_concrete": {
        "minecraft:variant": {
          "value": 112
        }
      },
      "minecraft:blue_concrete": {
        "minecraft:variant": {
          "value": 113
        }
      },
      "minecraft:brown_concrete": {
        "minecraft:variant": {
          "value": 114
        }
      },
      "minecraft:green_concrete": {
        "minecraft:variant": {
          "value": 115
        }
      },
      "minecraft:red_concrete": {
        "minecraft:variant": {
          "value": 116
        }
      },
      "minecraft:black_concrete": {
        "minecraft:variant": {
          "value": 117
        }
      },
      "minecraft:white_concrete_powder": {
        "minecraft:variant": {
          "value": 118
        }
      },
      "minecraft:orange_concrete_powder": {
        "minecraft:variant": {
          "value": 119
        }
      },
      "minecraft:magenta_concrete_powder": {
        "minecraft:variant": {
          "value": 120
        }
      },
      "minecraft:light_blue_concrete_powder": {
        "minecraft:variant": {
          "value": 121
        }
      },
      "minecraft:yellow_concrete_powder": {
        "minecraft:variant": {
          "value": 122
        }
      },
      "minecraft:lime_concrete_powder": {
        "minecraft:variant": {
          "value": 123
        }
      },
      "minecraft:pink_concrete_powder": {
        "minecraft:variant": {
          "value": 124
        }
      },
      "minecraft:gray_concrete_powder": {
        "minecraft:variant": {
          "value": 125
        }
      },
      "minecraft:silver_concrete_powder": {
        "minecraft:variant": {
          "value": 126
        }
      },
      "minecraft:cyan_concrete_powder": {
        "minecraft:variant": {
          "value": 127
        }
      },
      "minecraft:purple_concrete_powder": {
        "minecraft:variant": {
          "value": 128
        }
      },
      "minecraft:blue_concrete_powder": {
        "minecraft:variant": {
          "value": 129
        }
      },
      "minecraft:brown_concrete_powder": {
        "minecraft:variant": {
          "value": 130
        }
      },
      "minecraft:green_concrete_powder": {
        "minecraft:variant": {
          "value": 131
        }
      },
      "minecraft:red_concrete_powder": {
        "minecraft:variant": {
          "value": 132
        }
      },
      "minecraft:black_concrete_powder": {
        "minecraft:variant": {
          "value": 133
        }
      },
      "minecraft:white_glazed_terracotta": {
        "minecraft:variant": {
          "value": 134
        }
      },
      "minecraft:orange_glazed_terracotta": {
        "minecraft:variant": {
          "value": 135
        }
      },
      "minecraft:magenta_glazed_terracotta": {
        "minecraft:variant": {
          "value": 136
        }
      },
      "minecraft:light_blue_glazed_terracotta": {
        "minecraft:variant": {
          "value": 137
        }
      },
      "minecraft:yellow_glazed_terracotta": {
        "minecraft:variant": {
          "value": 138
        }
      },
      "minecraft:lime_glazed_terracotta": {
        "minecraft:variant": {
          "value": 139
        }
      },
      "minecraft:pink_glazed_terracotta": {
        "minecraft:variant": {
          "value": 140
        }
      },
      "minecraft:gray_glazed_terracotta": {
        "minecraft:variant": {
          "value": 141
        }
      },
      "minecraft:silver_glazed_terracotta": {
        "minecraft:variant": {
          "value": 142
        }
      },
      "minecraft:cyan_glazed_terracotta": {
        "minecraft:variant": {
          "value": 143
        }
      },
      "minecraft:purple_glazed_terracotta": {
        "minecraft:variant": {
          "value": 144
        }
      },
      "minecraft:blue_glazed_terracotta": {
        "minecraft:variant": {
          "value": 145
        }
      },
      "minecraft:brown_glazed_terracotta": {
        "minecraft:variant": {
          "value": 146
        }
      },
      "minecraft:green_glazed_terracotta": {
        "minecraft:variant": {
          "value": 147
        }
      },
      "minecraft:red_glazed_terracotta": {
        "minecraft:variant": {
          "value": 148
        }
      },
      "minecraft:black_glazed_terracotta": {
        "minecraft:variant": {
          "value": 149
        }
      },
      "minecraft:white_hardened_clay_stained": {
        "minecraft:variant": {
          "value": 150
        }
      },
      "minecraft:orange_hardened_clay_stained": {
        "minecraft:variant": {
          "value": 151
        }
      },
      "minecraft:magenta_hardened_clay_stained": {
        "minecraft:variant": {
          "value": 152
        }
      },
      "minecraft:light_blue_hardened_clay_stained": {
        "minecraft:variant": {
          "value": 153
        }
      },
      "minecraft:yellow_hardened_clay_stained": {
        "minecraft:variant": {
          "value": 154
        }
      },
      "minecraft:lime_hardened_clay_stained": {
        "minecraft:variant": {
          "value": 155
        }
      },
      "minecraft:pink_hardened_clay_stained": {
        "minecraft:variant": {
          "value": 156
        }
      },
      "minecraft:gray_hardened_clay_stained": {
        "minecraft:variant": {
          "value": 157
        }
      },
      "minecraft:silver_hardened_clay_stained": {
        "minecraft:variant": {
          "value": 158
        }
      },
      "minecraft:cyan_hardened_clay_stained": {
        "minecraft:variant": {
          "value": 159
        }
      },
      "minecraft:purple_hardened_clay_stained": {
        "minecraft:variant": {
          "value": 160
        }
      },
      "minecraft:blue_hardened_clay_stained": {
        "minecraft:variant": {
          "value": 161
        }
      },
      "minecraft:brown_hardened_clay_stained": {
        "minecraft:variant": {
          "value": 162
        }
      },
      "minecraft:green_hardened_clay_stained": {
        "minecraft:variant": {
          "value": 163
        }
      },
      "minecraft:red_hardened_clay_stained": {
        "minecraft:variant": {
          "value": 164
        }
      },
      "minecraft:black_hardened_clay_stained": {
        "minecraft:variant": {
          "value": 165
        }
      },
      "minecraft:deepslate_coal_ore": {
        "minecraft:variant": {
          "value": 166
        }
      },
      "minecraft:deepslate_emerald_ore": {
        "minecraft:variant": {
          "value": 167
        }
      },
      "minecraft:deepslate_copper_ore": {
        "minecraft:variant": {
          "value": 168
        }
      },
      "minecraft:deepslate_diamond_ore": {
        "minecraft:variant": {
          "value": 169
        }
      },
      "minecraft:deepslate_iron_ore": {
        "minecraft:variant": {
          "value": 170
        }
      },
      "minecraft:deepslate_gold_ore": {
        "minecraft:variant": {
          "value": 171
        }
      },
      "minecraft:deepslate_redstone_ore": {
        "minecraft:variant": {
          "value": 172
        }
      },
      "minecraft:deepslate_lapis_ore": {
        "minecraft:variant": {
          "value": 173
        }
      },
      "minecraft:deepslate_brick": {
        "minecraft:variant": {
          "value": 174
        }
      },
      "minecraft:deepslate_tile": {
        "minecraft:variant": {
          "value": 175
        }
      },
      "minecraft:cracked_deepslate_brick": {
        "minecraft:variant": {
          "value": 176
        }
      },
      "minecraft:cracked_deepslate_tile": {
        "minecraft:variant": {
          "value": 177
        }
      },
      "minecraft:chiseled_deepslate": {
        "minecraft:variant": {
          "value": 178
        }
      },
      "minecraft:polished_deepslate": {
        "minecraft:variant": {
          "value": 179
        }
      },
      "minecraft:chiseled_nether_bricks": {
        "minecraft:variant": {
          "value": 180
        }
      },
      "minecraft:chiseled_polished_bricks": {
        "minecraft:variant": {
          "value": 181
        }
      },
      "minecraft:blue_coral": {
        "minecraft:variant": {
          "value": 182
        }
      },
      "minecraft:red_coral": {
        "minecraft:variant": {
          "value": 183
        }
      },
      "minecraft:pink_coral": {
        "minecraft:variant": {
          "value": 184
        }
      },
      "minecraft:purple_coral": {
        "minecraft:variant": {
          "value": 185
        }
      },
      "minecraft:yellow_coral": {
        "minecraft:variant": {
          "value": 186
        }
      },
      "minecraft:dead_blue_coral": {
        "minecraft:variant": {
          "value": 187
        }
      },
      "minecraft:dead_red_coral": {
        "minecraft:variant": {
          "value": 188
        }
      },
      "minecraft:dead_pink_coral": {
        "minecraft:variant": {
          "value": 189
        }
      },
      "minecraft:dead_purple_coral": {
        "minecraft:variant": {
          "value": 190
        }
      },
      "minecraft:dead_yellow_coral": {
        "minecraft:variant": {
          "value": 191
        }
      },
      "minecraft:crying_obsidian": {
        "minecraft:variant": {
          "value": 192
        }
      },
      "minecraft:dirt_with_roots": {
        "minecraft:variant": {
          "value": 193
        }
      },
      "minecraft:dripstone_block": {
        "minecraft:variant": {
          "value": 194
        }
      },
      "minecraft:end_bricks": {
        "minecraft:variant": {
          "value": 195
        }
      },
      "minecraft:end_stone": {
        "minecraft:variant": {
          "value": 196
        }
      },
      "minecraft:frosted_ice": {
        "minecraft:variant": {
          "value": 197
        }
      },
      "minecraft:gilded_blackstone": {
        "minecraft:variant": {
          "value": 198
        }
      },
      "minecraft:glass": {
        "minecraft:variant": {
          "value": 199
        }
      },
      "minecraft:honeycomb": {
        "minecraft:variant": {
          "value": 200
        }
      },
      "minecraft:oak_leaves": {
        "minecraft:variant": {
          "value": 201
        }
      },
      "minecraft:spruce_leaves": {
        "minecraft:variant": {
          "value": 202
        }
      },
      "minecraft:brich_leaves": {
        "minecraft:variant": {
          "value": 203
        }
      },
      "minecraft:jungle_leaves": {
        "minecraft:variant": {
          "value": 204
        }
      },
      "minecraft:acacia_leaves": {
        "minecraft:variant": {
          "value": 205
        }
      },
      "minecraft:dark_oak_leaves": {
        "minecraft:variant": {
          "value": 206
        }
      },
      "minecraft:oak_wood": {
        "minecraft:variant": {
          "value": 207
        }
      },
      "minecraft:spruce_wood": {
        "minecraft:variant": {
          "value": 208
        }
      },
      "minecraft:brich_wood": {
        "minecraft:variant": {
          "value": 209
        }
      },
      "minecraft:jungle_wood": {
        "minecraft:variant": {
          "value": 210
        }
      },
      "minecraft:acacia_wood": {
        "minecraft:variant": {
          "value": 211
        }
      },
      "minecraft:dark_oak_wood": {
        "minecraft:variant": {
          "value": 212
        }
      },
      "minecraft:crimson_wood": {
        "minecraft:variant": {
          "value": 213
        }
      },
      "minecraft:warped_wood": {
        "minecraft:variant": {
          "value": 214
        }
      },
      "minecraft:mangrove_wood": {
        "minecraft:variant": {
          "value": 215
        }
      },
      "minecraft:oak_planks": {
        "minecraft:variant": {
          "value": 216
        }
      },
      "minecraft:spruce_planks": {
        "minecraft:variant": {
          "value": 217
        }
      },
      "minecraft:brich_planks": {
        "minecraft:variant": {
          "value": 218
        }
      },
      "minecraft:jungle_planks": {
        "minecraft:variant": {
          "value": 219
        }
      },
      "minecraft:acacia_planks": {
        "minecraft:variant": {
          "value": 220
        }
      },
      "minecraft:dark_oak_planks": {
        "minecraft:variant": {
          "value": 221
        }
      },
      "minecraft:crimson_planks": {
        "minecraft:variant": {
          "value": 222
        }
      },
      "minecraft:warped_planks": {
        "minecraft:variant": {
          "value": 223
        }
      },
      "minecraft:mangrove_planks": {
        "minecraft:variant": {
          "value": 224
        }
      },
      "minecraft:moss_block": {
        "minecraft:variant": {
          "value": 225
        }
      },
      "minecraft:mud_brick": {
        "minecraft:variant": {
          "value": 226
        }
      },
      "minecraft:mud": {
        "minecraft:variant": {
          "value": 227
        }
      },
      "minecraft:red_mushroom_block": {
        "minecraft:variant": {
          "value": 228
        }
      },
      "minecraft:brown_mushroom_block": {
        "minecraft:variant": {
          "value": 229
        }
      },
      "minecraft:stem_mushroom_block": {
        "minecraft:variant": {
          "value": 230
        }
      },
      "minecraft:nether_brick": {
        "minecraft:variant": {
          "value": 231
        }
      },
      "minecraft:nether_gold_ore": {
        "minecraft:variant": {
          "value": 232
        }
      },
      "minecraft:nether_wart_block": {
        "minecraft:variant": {
          "value": 233
        }
      },
      "minecraft:netherrack": {
        "minecraft:variant": {
          "value": 234
        }
      },
      "minecraft:netherite_block": {
        "minecraft:variant": {
          "value": 235
        }
      },
      "minecraft:packed_mud": {
        "minecraft:variant": {
          "value": 236
        }
      },
      "minecraft:polished_blackstone": {
        "minecraft:variant": {
          "value": 237
        }
      },
      "minecraft:polished_blackstone_brick": {
        "minecraft:variant": {
          "value": 238
        }
      },
      "minecraft:prismarine_brick": {
        "minecraft:variant": {
          "value": 239
        }
      },
      "minecraft:prismarine": {
        "minecraft:variant": {
          "value": 240
        }
      },
      "minecraft:dark_prismarine": {
        "minecraft:variant": {
          "value": 241
        }
      },
      "minecraft:quartz_block": {
        "minecraft:variant": {
          "value": 243
        }
      },
      "minecraft:bottom_quartz_block": {
        "minecraft:variant": {
          "value": 244
        }
      },
      "minecraft:quartz_brick": {
        "minecraft:variant": {
          "value": 245
        }
      },
      "minecraft:quartz_ore": {
        "minecraft:variant": {
          "value": 246
        }
      },
      "minecraft:raw_copper_block": {
        "minecraft:variant": {
          "value": 247
        }
      },
      "minecraft:raw_iron_block": {
        "minecraft:variant": {
          "value": 248
        }
      },
      "minecraft:raw_gold_block": {
        "minecraft:variant": {
          "value": 249
        }
      },
      "minecraft:red_nether_brick": {
        "minecraft:variant": {
          "value": 250
        }
      },
      "minecraft:red_sand": {
        "minecraft:variant": {
          "value": 251
        }
      },
      "minecraft:redstone_lamp": {
        "minecraft:variant": {
          "value": 252
        }
      },
      "minecraft:lit_redstone_lamp": {
        "minecraft:variant": {
          "value": 253
        }
      },
      "minecraft:sand": {
        "minecraft:variant": {
          "value": 254
        }
      },
      "minecraft:sculk": {
        "minecraft:variant": {
          "value": 255
        }
      },
      "minecraft:sea_lantern": {
        "minecraft:variant": {
          "value": 256
        }
      },
      "minecraft:shroomlight": {
        "minecraft:variant": {
          "value": 257
        }
      },
      "minecraft:smooth_basalt": {
        "minecraft:variant": {
          "value": 258
        }
      },
      "minecraft:snow": {
        "minecraft:variant": {
          "value": 259
        }
      },
      "minecraft:soul_sand": {
        "minecraft:variant": {
          "value": 260
        }
      },
      "minecraft:soul_soil": {
        "minecraft:variant": {
          "value": 261
        }
      },
      "minecraft:sponge": {
        "minecraft:variant": {
          "value": 262
        }
      },
      "minecraft:sponge_wet": {
        "minecraft:variant": {
          "value": 263
        }
      },
      "minecraft:andesite_stone": {
        "minecraft:variant": {
          "value": 264
        }
      },
      "minecraft:diorite_stone": {
        "minecraft:variant": {
          "value": 265
        }
      },
      "minecraft:granite_stone": {
        "minecraft:variant": {
          "value": 266
        }
      },
      "minecraft:andesite_stone_smooth": {
        "minecraft:variant": {
          "value": 267
        }
      },
      "minecraft:diorite_stone_smooth": {
        "minecraft:variant": {
          "value": 268
        }
      },
      "minecraft:granite_stone_smooth": {
        "minecraft:variant": {
          "value": 269
        }
      },
      "minecraft:stone": {
        "minecraft:variant": {
          "value": 270
        }
      },
      "minecraft:stonebrick": {
        "minecraft:variant": {
          "value": 271
        }
      },
      "minecraft:mossy_stonebrick": {
        "minecraft:variant": {
          "value": 272
        }
      },
      "minecraft:cracked_stonebrick": {
        "minecraft:variant": {
          "value": 273
        }
      },
      "minecraft:carved_stonebrick": {
        "minecraft:variant": {
          "value": 274
        }
      },
      "minecraft:structure_block": {
        "minecraft:variant": {
          "value": 275
        }
      },
      "minecraft:warped_wart_block": {
        "minecraft:variant": {
          "value": 276
        }
      },
      "minecraft:stripped_oak_wood": {
        "minecraft:variant": {
          "value": 277
        }
      },
      "minecraft:stripped_spruce_wood": {
        "minecraft:variant": {
          "value": 278
        }
      },
      "minecraft:stripped_brich_wood": {
        "minecraft:variant": {
          "value": 279
        }
      },
      "minecraft:stripped_jungle_wood": {
        "minecraft:variant": {
          "value": 280
        }
      },
      "minecraft:stripped_acacia_wood": {
        "minecraft:variant": {
          "value": 281
        }
      },
      "minecraft:stripped_dark_oak_wood": {
        "minecraft:variant": {
          "value": 282
        }
      },
      "minecraft:stripped_crimson_wood": {
        "minecraft:variant": {
          "value": 283
        }
      },
      "minecraft:stripped_warped_wood": {
        "minecraft:variant": {
          "value": 284
        }
      },
      "minecraft:stripped_mangrove_wood": {
        "minecraft:variant": {
          "value": 285
        }
      },
      "minecraft:null": {
        "minecraft:variant": {
          "value": 286
        }
      },
      "minecraft:player_created": {
        "minecraft:behavior.hurt_by_target": {
          "priority": 2,
          "entity_types": {
            "filters": {
              "all_of": [
                {
                  "test": "is_family",
                  "subject": "other",
                  "operator": "!=",
                  "value": "player"
                },
                {
                  "test": "is_family",
                  "subject": "other",
                  "operator": "!=",
                  "value": "creeper"
                }
              ]
            }
          }
        }
      },
      "minecraft:village_created": {
        "minecraft:behavior.defend_village_target": {
          "priority": 1,
          "must_reach": true,
          "attack_chance": 0.05,
          "entity_types": {
            "filters": {
              "any_of": [
                {
                  "test": "is_family",
                  "subject": "other",
                  "value": "mob"
                },
                {
                  "test": "is_family",
                  "subject": "other",
                  "value": "player"
                }
              ]
            }
          }
        },
        "minecraft:dweller": {
          "dwelling_type": "village",
          "dweller_role": "defender",
          "update_interval_base": 60,
          "update_interval_variant": 40,
          "can_find_poi": false,
          "can_migrate": true,
          "first_founding_reward": 0
        }
      }
    },
    "components": {
      "minecraft:is_hidden_when_invisible": {},
      "minecraft:type_family": {
        "family": [
          "blocks"
        ]
      },
      "minecraft:nameable": {
        "alwaysShow": false,
        "allowNameTagRenaming": true
      },
      "minecraft:collision_box": {
        "height": 2.9,
        "width": 1.4
      },
      "minecraft:loot": {
        "table": "loot_tables/entities/iron_golem.json"
      },
      "minecraft:health": {
        "value": 100,
        "max": 100
      },
      "minecraft:hurt_on_condition": {
        "damage_conditions": [
          {
            "filters": {
              "test": "in_lava",
              "subject": "self",
              "operator": "==",
              "value": true
            },
            "cause": "lava",
            "damage_per_tick": 4
          }
        ]
      },
      "minecraft:movement": {
        "value": 0.0
      },
      "minecraft:navigation.walk": {
        "can_path_over_water": false,
        "avoid_water": true,
        "avoid_damage_blocks": true
      },
      "minecraft:movement.basic": {},
      "minecraft:jump.static": {},
      "minecraft:can_climb": {},
      "minecraft:damage_sensor": {
        "triggers": {
          "cause": "fall",
          "deals_damage": false
        }
      },
      "minecraft:knockback_resistance": {
        "value": 1.0,
        "max": 1.0
      },
      "minecraft:leashable": {
        "soft_distance": 4,
        "hard_distance": 6,
        "max_distance": 10
      },
      "minecraft:balloonable": {
        "mass": 2
      },
      "minecraft:preferred_path": {
        "max_fall_blocks": 1,
        "jump_cost": 5,
        "default_block_cost": 1.5,
        "preferred_path_blocks": [
          {
            "cost": 0,
            "blocks": [
              "grass_path"
            ]
          },
          {
            "cost": 1,
            "blocks": [
              "cobblestone",
              "stone",
              "stonebrick",
              "sandstone",
              "mossy_cobblestone",
              "stone_slab",
              "stone_slab2",
              "stone_slab3",
              "stone_slab4",
              "double_stone_slab",
              "double_stone_slab2",
              "double_stone_slab3",
              "double_stone_slab4",
              "wooden_slab",
              "double_wooden_slab",
              "planks",
              "brick_block",
              "nether_brick",
              "red_nether_brick",
              "end_bricks",
              "red_sandstone",
              "stained_glass",
              "glass",
              "glowstone",
              "prismarine",
              "emerald_block",
              "diamond_block",
              "lapis_block",
              "gold_block",
              "redstone_block",
              "purple_glazed_terracotta",
              "white_glazed_terracotta",
              "orange_glazed_terracotta",
              "magenta_glazed_terracotta",
              "light_blue_glazed_terracotta",
              "yellow_glazed_terracotta",
              "lime_glazed_terracotta",
              "pink_glazed_terracotta",
              "gray_glazed_terracotta",
              "silver_glazed_terracotta",
              "cyan_glazed_terracotta",
              "blue_glazed_terracotta",
              "brown_glazed_terracotta",
              "green_glazed_terracotta",
              "red_glazed_terracotta",
              "black_glazed_terracotta"
            ]
          },
          {
            "cost": 50,
            "blocks": [
              "bed",
              "lectern",
              "composter",
              "grindstone",
              "blast_furnace",
              "smoker",
              "fletching_table",
              "cartography_table",
              "brewing_stand",
              "smithing_table",
              "cauldron",
              "barrel",
              "loom",
              "stonecutter"
            ]
          }
        ]
      },
      "minecraft:behavior.target_when_pushed": {
        "priority": 1,
        "percent_chance": 5,
        "entity_types": [
          {
            "filters": {
              "all_of": [
                {
                  "test": "is_family",
                  "subject": "other",
                  "value": "monster"
                },
                {
                  "test": "is_family",
                  "subject": "other",
                  "operator": "!=",
                  "value": "creeper"
                }
              ]
            }
          }
        ]
      },
      "minecraft:behavior.move_towards_target": {
        "priority": 2,
        "speed_multiplier": 0.9,
        "within_radius": 32
      },
      "minecraft:behavior.move_through_village": {
        "priority": 3,
        "speed_multiplier": 0.6,
        "only_at_night": true
      },
      "minecraft:behavior.move_towards_dwelling_restriction": {
        "priority": 4,
        "speed_multiplier": 1
      },
      "minecraft:behavior.offer_flower": {
        "priority": 5
      },
      "minecraft:behavior.random_stroll": {
        "priority": 6,
        "speed_multiplier": 0.6,
        "xz_dist": 16
      },
      "minecraft:behavior.look_at_player": {
        "priority": 7,
        "look_distance": 6,
        "probability": 0.02
      },
      "minecraft:behavior.random_look_around": {
        "priority": 8
      },
      "minecraft:behavior.hurt_by_target": {
        "priority": 2,
        "entity_types": {
          "filters": {
            "test": "is_family",
            "subject": "other",
            "operator": "!=",
            "value": "creeper"
          }
        }
      },
      "minecraft:persistent": {},
      "minecraft:physics": {},
      "minecraft:pushable": {
        "is_pushable": true,
        "is_pushable_by_piston": true
      },
      "minecraft:follow_range": {
        "value": 64
      },
      "minecraft:conditional_bandwidth_optimization": {},
      "minecraft:experience_reward": {
        "on_death": "query.last_hit_by_player ? 10 : 0"
      },
      "minecraft:underwater_movement": {
        "value": 0.02
      },
      "minecraft:scale": {
        "value": 1
      }
    },
    "events": {
      "minecraft:from_player": {
        "add": {
          "component_groups": [
            "minecraft:player_created"
          ]
        }
      },
      "minecraft:from_village": {
        "add": {
          "component_groups": [
            "minecraft:village_created"
          ]
        }
      },
      "block:unknown": {
        "add": {
          "component_groups": [
            "minecraft:unknown"
          ]
        }
      },
      "block:netherreactor": {
        "add": {
          "component_groups": [
            "minecraft:netherreactor"
          ]
        }
      },
      "block:allow": {
        "add": {
          "component_groups": [
            "minecraft:allow"
          ]
        }
      },
      "block:slime": {
        "add": {
          "component_groups": [
            "minecraft:slime"
          ]
        }
      },
      "block:purpur_block": {
        "add": {
          "component_groups": [
            "minecraft:purpur_block"
          ]
        }
      },
      "block:gravel": {
        "add": {
          "component_groups": [
            "minecraft:gravel"
          ]
        }
      },
      "block:deny": {
        "add": {
          "component_groups": [
            "minecraft:deny"
          ]
        }
      },
      "block:beacon": {
        "add": {
          "component_groups": [
            "minecraft:beacon"
          ]
        }
      },
      "block:amethyst_block": {
        "add": {
          "component_groups": [
            "minecraft:amethyst_block"
          ]
        }
      },
      "block:white_stained_glass": {
        "add": {
          "component_groups": [
            "minecraft:white_stained_glass"
          ]
        }
      },
      "block:orange_stained_glass": {
        "add": {
          "component_groups": [
            "minecraft:orange_stained_glass"
          ]
        }
      },
      "block:magenta_stained_glass": {
        "add": {
          "component_groups": [
            "minecraft:magenta_stained_glass"
          ]
        }
      },
      "block:light_blue_stained_glass": {
        "add": {
          "component_groups": [
            "minecraft:light_blue_stained_glass"
          ]
        }
      },
      "block:yellow_stained_glass": {
        "add": {
          "component_groups": [
            "minecraft:yellow_stained_glass"
          ]
        }
      },
      "block:lime_stained_glass": {
        "add": {
          "component_groups": [
            "minecraft:lime_stained_glass"
          ]
        }
      },
      "block:pink_stained_glass": {
        "add": {
          "component_groups": [
            "minecraft:pink_stained_glass"
          ]
        }
      },
      "block:gray_stained_glass": {
        "add": {
          "component_groups": [
            "minecraft:gray_stained_glass"
          ]
        }
      },
      "block:silver_stained_glass": {
        "add": {
          "component_groups": [
            "minecraft:silver_stained_glass"
          ]
        }
      },
      "block:cyan_stained_glass": {
        "add": {
          "component_groups": [
            "minecraft:cyan_stained_glass"
          ]
        }
      },
      "block:purple_stained_glass": {
        "add": {
          "component_groups": [
            "minecraft:purple_stained_glass"
          ]
        }
      },
      "block:blue_stained_glass": {
        "add": {
          "component_groups": [
            "minecraft:blue_stained_glass"
          ]
        }
      },
      "block:brown_stained_glass": {
        "add": {
          "component_groups": [
            "minecraft:brown_stained_glass"
          ]
        }
      },
      "block:green_stained_glass": {
        "add": {
          "component_groups": [
            "minecraft:green_stained_glass"
          ]
        }
      },
      "block:red_stained_glass": {
        "add": {
          "component_groups": [
            "minecraft:red_stained_glass"
          ]
        }
      },
      "block:black_stained_glass": {
        "add": {
          "component_groups": [
            "minecraft:black_stained_glass"
          ]
        }
      },
      "block:emerald_block": {
        "add": {
          "component_groups": [
            "minecraft:emerald_block"
          ]
        }
      },
      "block:glowingobsidian": {
        "add": {
          "component_groups": [
            "minecraft:glowingobsidian"
          ]
        }
      },
      "block:bedrock": {
        "add": {
          "component_groups": [
            "minecraft:bedrock"
          ]
        }
      },
      "block:azalea_leaves_flowers": {
        "add": {
          "component_groups": [
            "minecraft:azalea_leaves_flowers"
          ]
        }
      },
      "block:azalea_leaves": {
        "add": {
          "component_groups": [
            "minecraft:azalea_leaves"
          ]
        }
      },
      "block:blue_ice": {
        "add": {
          "component_groups": [
            "minecraft:blue_ice"
          ]
        }
      },
      "block:brick": {
        "add": {
          "component_groups": [
            "minecraft:brick"
          ]
        }
      },
      "block:budding_amethyst": {
        "add": {
          "component_groups": [
            "minecraft:budding_amethyst"
          ]
        }
      },
      "block:chrous_flower": {
        "add": {
          "component_groups": [
            "minecraft:chrous_flower"
          ]
        }
      },
      "block:chrous_plant": {
        "add": {
          "component_groups": [
            "minecraft:chrous_plant"
          ]
        }
      },
      "block:clay": {
        "add": {
          "component_groups": [
            "minecraft:clay"
          ]
        }
      },
      "block:coal_block": {
        "add": {
          "component_groups": [
            "minecraft:coal_block"
          ]
        }
      },
      "block:coarse_dirt": {
        "add": {
          "component_groups": [
            "minecraft:coarse_dirt"
          ]
        }
      },
      "block:copper_block": {
        "add": {
          "component_groups": [
            "minecraft:copper_block"
          ]
        }
      },
      "block:exposed_copper_block": {
        "add": {
          "component_groups": [
            "minecraft:exposed_copper_block"
          ]
        }
      },
      "block:weathered_copper_block": {
        "add": {
          "component_groups": [
            "minecraft:weathered_copper_block"
          ]
        }
      },
      "block:oxidized_copper_block": {
        "add": {
          "component_groups": [
            "minecraft:oxidized_copper_block"
          ]
        }
      },
      "block:cut_copper_block": {
        "add": {
          "component_groups": [
            "minecraft:cut_copper_block"
          ]
        }
      },
      "block:exposed_cut_copper_block": {
        "add": {
          "component_groups": [
            "minecraft:exposed_cut_copper_block"
          ]
        }
      },
      "block:weathered_cut_copper_block": {
        "add": {
          "component_groups": [
            "minecraft:weathered_cut_copper_block"
          ]
        }
      },
      "block:oxidized_cut_copper_block": {
        "add": {
          "component_groups": [
            "minecraft:oxidized_cut_copper_block"
          ]
        }
      },
      "block:diamond_block": {
        "add": {
          "component_groups": [
            "minecraft:diamond_block"
          ]
        }
      },
      "block:iron_block": {
        "add": {
          "component_groups": [
            "minecraft:iron_block"
          ]
        }
      },
      "block:gold_block": {
        "add": {
          "component_groups": [
            "minecraft:gold_block"
          ]
        }
      },
      "block:redstone_block": {
        "add": {
          "component_groups": [
            "minecraft:redstone_block"
          ]
        }
      },
      "block:lapis_block": {
        "add": {
          "component_groups": [
            "minecraft:lapis_block"
          ]
        }
      },
      "block:coal_ore": {
        "add": {
          "component_groups": [
            "minecraft:coal_ore"
          ]
        }
      },
      "block:emerald_ore": {
        "add": {
          "component_groups": [
            "minecraft:emerald_ore"
          ]
        }
      },
      "block:copper_ore": {
        "add": {
          "component_groups": [
            "minecraft:copper_ore"
          ]
        }
      },
      "block:diamond_ore": {
        "add": {
          "component_groups": [
            "minecraft:diamond_ore"
          ]
        }
      },
      "block:iron_ore": {
        "add": {
          "component_groups": [
            "minecraft:iron_ore"
          ]
        }
      },
      "block:gold_ore": {
        "add": {
          "component_groups": [
            "minecraft:gold_ore"
          ]
        }
      },
      "block:redstone_ore": {
        "add": {
          "component_groups": [
            "minecraft:redstone_ore"
          ]
        }
      },
      "block:lapis_ore": {
        "add": {
          "component_groups": [
            "minecraft:lapis_ore"
          ]
        }
      },
      "block:beacon": {
        "add": {
          "component_groups": [
            "minecraft:beacon"
          ]
        }
      },
      "block:cobblestone": {
        "add": {
          "component_groups": [
            "minecraft:cobblestone"
          ]
        }
      },
      "block:mossy_cobblestone": {
        "add": {
          "component_groups": [
            "minecraft:mossy_cobblestone"
          ]
        }
      },
      "block:white_wool": {
        "add": {
          "component_groups": [
            "minecraft:white_wool"
          ]
        }
      },
      "block:orange_wool": {
        "add": {
          "component_groups": [
            "minecraft:orange_wool"
          ]
        }
      },
      "block:magenta_wool": {
        "add": {
          "component_groups": [
            "minecraft:magenta_wool"
          ]
        }
      },
      "block:light_blue_wool": {
        "add": {
          "component_groups": [
            "minecraft:light_blue_wool"
          ]
        }
      },
      "block:yellow_wool": {
        "add": {
          "component_groups": [
            "minecraft:yellow_wool"
          ]
        }
      },
      "block:lime_wool": {
        "add": {
          "component_groups": [
            "minecraft:lime_wool"
          ]
        }
      },
      "block:pink_wool": {
        "add": {
          "component_groups": [
            "minecraft:pink_wool"
          ]
        }
      },
      "block:gray_wool": {
        "add": {
          "component_groups": [
            "minecraft:gray_wool"
          ]
        }
      },
      "block:silver_wool": {
        "add": {
          "component_groups": [
            "minecraft:silver_wool"
          ]
        }
      },
      "block:cyan_wool": {
        "add": {
          "component_groups": [
            "minecraft:cyan_wool"
          ]
        }
      },
      "block:purple_wool": {
        "add": {
          "component_groups": [
            "minecraft:purple_wool"
          ]
        }
      },
      "block:blue_wool": {
        "add": {
          "component_groups": [
            "minecraft:blue_wool"
          ]
        }
      },
      "block:brown_wool": {
        "add": {
          "component_groups": [
            "minecraft:brown_wool"
          ]
        }
      },
      "block:green_wool": {
        "add": {
          "component_groups": [
            "minecraft:green_wool"
          ]
        }
      },
      "block:red_wool": {
        "add": {
          "component_groups": [
            "minecraft:red_wool"
          ]
        }
      },
      "block:black_wool": {
        "add": {
          "component_groups": [
            "minecraft:black_wool"
          ]
        }
      },
      "block:white_concrete": {
        "add": {
          "component_groups": [
            "minecraft:white_concrete"
          ]
        }
      },
      "block:orange_concrete": {
        "add": {
          "component_groups": [
            "minecraft:orange_concrete"
          ]
        }
      },
      "block:magenta_concrete": {
        "add": {
          "component_groups": [
            "minecraft:magenta_concrete"
          ]
        }
      },
      "block:light_blue_concrete": {
        "add": {
          "component_groups": [
            "minecraft:light_blue_concrete"
          ]
        }
      },
      "block:yellow_concrete": {
        "add": {
          "component_groups": [
            "minecraft:yellow_concrete"
          ]
        }
      },
      "block:lime_concrete": {
        "add": {
          "component_groups": [
            "minecraft:lime_concrete"
          ]
        }
      },
      "block:pink_concrete": {
        "add": {
          "component_groups": [
            "minecraft:pink_concrete"
          ]
        }
      },
      "block:gray_concrete": {
        "add": {
          "component_groups": [
            "minecraft:gray_concrete"
          ]
        }
      },
      "block:silver_concrete": {
        "add": {
          "component_groups": [
            "minecraft:silver_concrete"
          ]
        }
      },
      "block:cyan_concrete": {
        "add": {
          "component_groups": [
            "minecraft:cyan_concrete"
          ]
        }
      },
      "block:purple_concrete": {
        "add": {
          "component_groups": [
            "minecraft:purple_concrete"
          ]
        }
      },
      "block:blue_concrete": {
        "add": {
          "component_groups": [
            "minecraft:blue_concrete"
          ]
        }
      },
      "block:brown_concrete": {
        "add": {
          "component_groups": [
            "minecraft:brown_concrete"
          ]
        }
      },
      "block:green_concrete": {
        "add": {
          "component_groups": [
            "minecraft:green_concrete"
          ]
        }
      },
      "block:red_concrete": {
        "add": {
          "component_groups": [
            "minecraft:red_concrete"
          ]
        }
      },
      "block:black_concrete": {
        "add": {
          "component_groups": [
            "minecraft:black_concrete"
          ]
        }
      },
      "block:white_concrete_powder": {
        "add": {
          "component_groups": [
            "minecraft:white_concrete_powder"
          ]
        }
      },
      "block:orange_concrete_powder": {
        "add": {
          "component_groups": [
            "minecraft:orange_concrete_powder"
          ]
        }
      },
      "block:magenta_concrete_powder": {
        "add": {
          "component_groups": [
            "minecraft:magenta_concrete_powder"
          ]
        }
      },
      "block:light_blue_concrete_powder": {
        "add": {
          "component_groups": [
            "minecraft:light_blue_concrete_powder"
          ]
        }
      },
      "block:yellow_concrete_powder": {
        "add": {
          "component_groups": [
            "minecraft:yellow_concrete_powder"
          ]
        }
      },
      "block:lime_concrete_powder": {
        "add": {
          "component_groups": [
            "minecraft:lime_concrete_powder"
          ]
        }
      },
      "block:pink_concrete_powder": {
        "add": {
          "component_groups": [
            "minecraft:pink_concrete_powder"
          ]
        }
      },
      "block:gray_concrete_powder": {
        "add": {
          "component_groups": [
            "minecraft:gray_concrete_powder"
          ]
        }
      },
      "block:silver_concrete_powder": {
        "add": {
          "component_groups": [
            "minecraft:silver_concrete_powder"
          ]
        }
      },
      "block:cyan_concrete_powder": {
        "add": {
          "component_groups": [
            "minecraft:cyan_concrete_powder"
          ]
        }
      },
      "block:purple_concrete_powder": {
        "add": {
          "component_groups": [
            "minecraft:purple_concrete_powder"
          ]
        }
      },
      "block:blue_concrete_powder": {
        "add": {
          "component_groups": [
            "minecraft:blue_concrete_powder"
          ]
        }
      },
      "block:brown_concrete_powder": {
        "add": {
          "component_groups": [
            "minecraft:brown_concrete_powder"
          ]
        }
      },
      "block:green_concrete_powder": {
        "add": {
          "component_groups": [
            "minecraft:green_concrete_powder"
          ]
        }
      },
      "block:red_concrete_powder": {
        "add": {
          "component_groups": [
            "minecraft:red_concrete_powder"
          ]
        }
      },
      "block:black_concrete_powder": {
        "add": {
          "component_groups": [
            "minecraft:black_concrete_powder"
          ]
        }
      },
      "block:white_glazed_terracotta": {
        "add": {
          "component_groups": [
            "minecraft:white_glazed_terracotta"
          ]
        }
      },
      "block:orange_glazed_terracotta": {
        "add": {
          "component_groups": [
            "minecraft:orange_glazed_terracotta"
          ]
        }
      },
      "block:magenta_glazed_terracotta": {
        "add": {
          "component_groups": [
            "minecraft:magenta_glazed_terracotta"
          ]
        }
      },
      "block:light_blue_glazed_terracotta": {
        "add": {
          "component_groups": [
            "minecraft:light_blue_glazed_terracotta"
          ]
        }
      },
      "block:yellow_glazed_terracotta": {
        "add": {
          "component_groups": [
            "minecraft:yellow_glazed_terracotta"
          ]
        }
      },
      "block:lime_glazed_terracotta": {
        "add": {
          "component_groups": [
            "minecraft:lime_glazed_terracotta"
          ]
        }
      },
      "block:pink_glazed_terracotta": {
        "add": {
          "component_groups": [
            "minecraft:pink_glazed_terracotta"
          ]
        }
      },
      "block:gray_glazed_terracotta": {
        "add": {
          "component_groups": [
            "minecraft:gray_glazed_terracotta"
          ]
        }
      },
      "block:silver_glazed_terracotta": {
        "add": {
          "component_groups": [
            "minecraft:silver_glazed_terracotta"
          ]
        }
      },
      "block:cyan_glazed_terracotta": {
        "add": {
          "component_groups": [
            "minecraft:cyan_glazed_terracotta"
          ]
        }
      },
      "block:purple_glazed_terracotta": {
        "add": {
          "component_groups": [
            "minecraft:purple_glazed_terracotta"
          ]
        }
      },
      "block:blue_glazed_terracotta": {
        "add": {
          "component_groups": [
            "minecraft:blue_glazed_terracotta"
          ]
        }
      },
      "block:brown_glazed_terracotta": {
        "add": {
          "component_groups": [
            "minecraft:brown_glazed_terracotta"
          ]
        }
      },
      "block:green_glazed_terracotta": {
        "add": {
          "component_groups": [
            "minecraft:green_glazed_terracotta"
          ]
        }
      },
      "block:red_glazed_terracotta": {
        "add": {
          "component_groups": [
            "minecraft:red_glazed_terracotta"
          ]
        }
      },
      "block:black_glazed_terracotta": {
        "add": {
          "component_groups": [
            "minecraft:black_glazed_terracotta"
          ]
        }
      },
      "block:white_hardened_clay_stained": {
        "add": {
          "component_groups": [
            "minecraft:white_hardened_clay_stained"
          ]
        }
      },
      "block:orange_hardened_clay_stained": {
        "add": {
          "component_groups": [
            "minecraft:orange_hardened_clay_stained"
          ]
        }
      },
      "block:magenta_hardened_clay_stained": {
        "add": {
          "component_groups": [
            "minecraft:magenta_hardened_clay_stained"
          ]
        }
      },
      "block:light_blue_hardened_clay_stained": {
        "add": {
          "component_groups": [
            "minecraft:light_blue_hardened_clay_stained"
          ]
        }
      },
      "block:yellow_hardened_clay_stained": {
        "add": {
          "component_groups": [
            "minecraft:yellow_hardened_clay_stained"
          ]
        }
      },
      "block:lime_hardened_clay_stained": {
        "add": {
          "component_groups": [
            "minecraft:lime_hardened_clay_stained"
          ]
        }
      },
      "block:pink_hardened_clay_stained": {
        "add": {
          "component_groups": [
            "minecraft:pink_hardened_clay_stained"
          ]
        }
      },
      "block:gray_hardened_clay_stained": {
        "add": {
          "component_groups": [
            "minecraft:gray_hardened_clay_stained"
          ]
        }
      },
      "block:silver_hardened_clay_stained": {
        "add": {
          "component_groups": [
            "minecraft:silver_hardened_clay_stained"
          ]
        }
      },
      "block:cyan_hardened_clay_stained": {
        "add": {
          "component_groups": [
            "minecraft:cyan_hardened_clay_stained"
          ]
        }
      },
      "block:purple_hardened_clay_stained": {
        "add": {
          "component_groups": [
            "minecraft:purple_hardened_clay_stained"
          ]
        }
      },
      "block:blue_hardened_clay_stained": {
        "add": {
          "component_groups": [
            "minecraft:blue_hardened_clay_stained"
          ]
        }
      },
      "block:brown_hardened_clay_stained": {
        "add": {
          "component_groups": [
            "minecraft:brown_hardened_clay_stained"
          ]
        }
      },
      "block:green_hardened_clay_stained": {
        "add": {
          "component_groups": [
            "minecraft:green_hardened_clay_stained"
          ]
        }
      },
      "block:red_hardened_clay_stained": {
        "add": {
          "component_groups": [
            "minecraft:red_hardened_clay_stained"
          ]
        }
      },
      "block:black_hardened_clay_stained": {
        "add": {
          "component_groups": [
            "minecraft:black_hardened_clay_stained"
          ]
        }
      },
      "block:deepslate_coal_ore": {
        "add": {
          "component_groups": [
            "minecraft:deepslate_coal_ore"
          ]
        }
      },
      "block:deepslate_emerald_ore": {
        "add": {
          "component_groups": [
            "minecraft:deepslate_emerald_ore"
          ]
        }
      },
      "block:deepslate_copper_ore": {
        "add": {
          "component_groups": [
            "minecraft:deepslate_copper_ore"
          ]
        }
      },
      "block:deepslate_diamond_ore": {
        "add": {
          "component_groups": [
            "minecraft:deepslate_diamond_ore"
          ]
        }
      },
      "block:deepslate_iron_ore": {
        "add": {
          "component_groups": [
            "minecraft:deepslate_iron_ore"
          ]
        }
      },
      "block:deepslate_gold_ore": {
        "add": {
          "component_groups": [
            "minecraft:deepslate_gold_ore"
          ]
        }
      },
      "block:deepslate_redstone_ore": {
        "add": {
          "component_groups": [
            "minecraft:deepslate_redstone_ore"
          ]
        }
      },
      "block:deepslate_lapis_ore": {
        "add": {
          "component_groups": [
            "minecraft:deepslate_lapis_ore"
          ]
        }
      },
      "block:deepslate_brick": {
        "add": {
          "component_groups": [
            "minecraft:deepslate_brick"
          ]
        }
      },
      "block:deepslate_tile": {
        "add": {
          "component_groups": [
            "minecraft:deepslate_tile"
          ]
        }
      },
      "block:cracked_deepslate_brick": {
        "add": {
          "component_groups": [
            "minecraft:cracked_deepslate_brick"
          ]
        }
      },
      "block:cracked_deepslate_tile": {
        "add": {
          "component_groups": [
            "minecraft:cracked_deepslate_tile"
          ]
        }
      },
      "block:chiseled_deepslate": {
        "add": {
          "component_groups": [
            "minecraft:chiseled_deepslate"
          ]
        }
      },
      "block:polished_deepslate": {
        "add": {
          "component_groups": [
            "minecraft:polished_deepslate"
          ]
        }
      },
      "block:chiseled_nether_bricks": {
        "add": {
          "component_groups": [
            "minecraft:chiseled_nether_bricks"
          ]
        }
      },
      "block:chiseled_polished_bricks": {
        "add": {
          "component_groups": [
            "minecraft:chiseled_polished_bricks"
          ]
        }
      },
      "block:blue_coral": {
        "add": {
          "component_groups": [
            "minecraft:blue_coral"
          ]
        }
      },
      "block:red_coral": {
        "add": {
          "component_groups": [
            "minecraft:red_coral"
          ]
        }
      },
      "block:pink_coral": {
        "add": {
          "component_groups": [
            "minecraft:pink_coral"
          ]
        }
      },
      "block:purple_coral": {
        "add": {
          "component_groups": [
            "minecraft:purple_coral"
          ]
        }
      },
      "block:yellow_coral": {
        "add": {
          "component_groups": [
            "minecraft:yellow_coral"
          ]
        }
      },
      "block:dead_blue_coral": {
        "add": {
          "component_groups": [
            "minecraft:dead_blue_coral"
          ]
        }
      },
      "block:dead_red_coral": {
        "add": {
          "component_groups": [
            "minecraft:dead_red_coral"
          ]
        }
      },
      "block:dead_pink_coral": {
        "add": {
          "component_groups": [
            "minecraft:dead_pink_coral"
          ]
        }
      },
      "block:dead_purple_coral": {
        "add": {
          "component_groups": [
            "minecraft:dead_purple_coral"
          ]
        }
      },
      "block:dead_yellow_coral": {
        "add": {
          "component_groups": [
            "minecraft:dead_yellow_coral"
          ]
        }
      },
      "block:crying_obsidian": {
        "add": {
          "component_groups": [
            "minecraft:crying_obsidian"
          ]
        }
      },
      "block:dirt_with_roots": {
        "add": {
          "component_groups": [
            "minecraft:dirt_with_roots"
          ]
        }
      },
      "block:dripstone_block": {
        "add": {
          "component_groups": [
            "minecraft:dripstone_block"
          ]
        }
      },
      "block:end_bricks": {
        "add": {
          "component_groups": [
            "minecraft:end_bricks"
          ]
        }
      },
      "block:end_stone": {
        "add": {
          "component_groups": [
            "minecraft:end_stone"
          ]
        }
      },
      "block:frosted_ice": {
        "add": {
          "component_groups": [
            "minecraft:frosted_ice"
          ]
        }
      },
      "block:gilded_blackstone": {
        "add": {
          "component_groups": [
            "minecraft:gilded_blackstone"
          ]
        }
      },
      "block:glass": {
        "add": {
          "component_groups": [
            "minecraft:glass"
          ]
        }
      },
      "block:honeycomb": {
        "add": {
          "component_groups": [
            "minecraft:honeycomb"
          ]
        }
      },
      "block:oak_leaves": {
        "add": {
          "component_groups": [
            "minecraft:oak_leaves"
          ]
        }
      },
      "block:spruce_leaves": {
        "add": {
          "component_groups": [
            "minecraft:spruce_leaves"
          ]
        }
      },
      "block:brich_leaves": {
        "add": {
          "component_groups": [
            "minecraft:brich_leaves"
          ]
        }
      },
      "block:jungle_leaves": {
        "add": {
          "component_groups": [
            "minecraft:jungle_leaves"
          ]
        }
      },
      "block:acacia_leaves": {
        "add": {
          "component_groups": [
            "minecraft:acacia_leaves"
          ]
        }
      },
      "block:dark_oak_leaves": {
        "add": {
          "component_groups": [
            "minecraft:dark_oak_leaves"
          ]
        }
      },
      "block:oak_wood": {
        "add": {
          "component_groups": [
            "minecraft:oak_wood"
          ]
        }
      },
      "block:spruce_wood": {
        "add": {
          "component_groups": [
            "minecraft:spruce_wood"
          ]
        }
      },
      "block:brich_wood": {
        "add": {
          "component_groups": [
            "minecraft:brich_wood"
          ]
        }
      },
      "block:jungle_wood": {
        "add": {
          "component_groups": [
            "minecraft:jungle_wood"
          ]
        }
      },
      "block:acacia_wood": {
        "add": {
          "component_groups": [
            "minecraft:acacia_wood"
          ]
        }
      },
      "block:dark_oak_wood": {
        "add": {
          "component_groups": [
            "minecraft:dark_oak_wood"
          ]
        }
      },
      "block:crimson_wood": {
        "add": {
          "component_groups": [
            "minecraft:crimson_wood"
          ]
        }
      },
      "block:warped_wood": {
        "add": {
          "component_groups": [
            "minecraft:warped_wood"
          ]
        }
      },
      "block:mangrove_wood": {
        "add": {
          "component_groups": [
            "minecraft:mangrove_wood"
          ]
        }
      },
      "block:oak_planks": {
        "add": {
          "component_groups": [
            "minecraft:oak_planks"
          ]
        }
      },
      "block:spruce_planks": {
        "add": {
          "component_groups": [
            "minecraft:spruce_planks"
          ]
        }
      },
      "block:brich_planks": {
        "add": {
          "component_groups": [
            "minecraft:brich_planks"
          ]
        }
      },
      "block:jungle_planks": {
        "add": {
          "component_groups": [
            "minecraft:jungle_planks"
          ]
        }
      },
      "block:acacia_planks": {
        "add": {
          "component_groups": [
            "minecraft:acacia_planks"
          ]
        }
      },
      "block:dark_oak_planks": {
        "add": {
          "component_groups": [
            "minecraft:dark_oak_planks"
          ]
        }
      },
      "block:crimson_planks": {
        "add": {
          "component_groups": [
            "minecraft:crimson_planks"
          ]
        }
      },
      "block:warped_planks": {
        "add": {
          "component_groups": [
            "minecraft:warped_planks"
          ]
        }
      },
      "block:mangrove_planks": {
        "add": {
          "component_groups": [
            "minecraft:mangrove_planks"
          ]
        }
      },
      "block:moss_block": {
        "add": {
          "component_groups": [
            "minecraft:moss_block"
          ]
        }
      },
      "block:mud_brick": {
        "add": {
          "component_groups": [
            "minecraft:mud_brick"
          ]
        }
      },
      "block:mud": {
        "add": {
          "component_groups": [
            "minecraft:mud"
          ]
        }
      },
      "block:red_mushroom_block": {
        "add": {
          "component_groups": [
            "minecraft:red_mushroom_block"
          ]
        }
      },
      "block:brown_mushroom_block": {
        "add": {
          "component_groups": [
            "minecraft:brown_mushroom_block"
          ]
        }
      },
      "block:stem_mushroom_block": {
        "add": {
          "component_groups": [
            "minecraft:stem_mushroom_block"
          ]
        }
      },
      "block:nether_brick": {
        "add": {
          "component_groups": [
            "minecraft:nether_brick"
          ]
        }
      },
      "block:nether_gold_ore": {
        "add": {
          "component_groups": [
            "minecraft:nether_gold_ore"
          ]
        }
      },
      "block:nether_wart_block": {
        "add": {
          "component_groups": [
            "minecraft:nether_wart_block"
          ]
        }
      },
      "block:netherrack": {
        "add": {
          "component_groups": [
            "minecraft:netherrack"
          ]
        }
      },
      "block:netherite_block": {
        "add": {
          "component_groups": [
            "minecraft:netherite_block"
          ]
        }
      },
      "block:packed_mud": {
        "add": {
          "component_groups": [
            "minecraft:packed_mud"
          ]
        }
      },
      "block:polished_blackstone": {
        "add": {
          "component_groups": [
            "minecraft:polished_blackstone"
          ]
        }
      },
      "block:polished_blackstone_brick": {
        "add": {
          "component_groups": [
            "minecraft:polished_blackstone_brick"
          ]
        }
      },
      "block:prismarine_brick": {
        "add": {
          "component_groups": [
            "minecraft:prismarine_brick"
          ]
        }
      },
      "block:prismarine": {
        "add": {
          "component_groups": [
            "minecraft:prismarine"
          ]
        }
      },
      "block:dark_prismarine": {
        "add": {
          "component_groups": [
            "minecraft:dark_prismarine"
          ]
        }
      },
      "block:quartz_block": {
        "add": {
          "component_groups": [
            "minecraft:quartz_block"
          ]
        }
      },
      "block:bottom_quartz_block": {
        "add": {
          "component_groups": [
            "minecraft:bottom_quartz_block"
          ]
        }
      },
      "block:quartz_brick": {
        "add": {
          "component_groups": [
            "minecraft:quartz_brick"
          ]
        }
      },
      "block:quartz_ore": {
        "add": {
          "component_groups": [
            "minecraft:quartz_ore"
          ]
        }
      },
      "block:raw_copper_block": {
        "add": {
          "component_groups": [
            "minecraft:raw_copper_block"
          ]
        }
      },
      "block:raw_iron_block": {
        "add": {
          "component_groups": [
            "minecraft:raw_iron_block"
          ]
        }
      },
      "block:raw_gold_block": {
        "add": {
          "component_groups": [
            "minecraft:raw_gold_block"
          ]
        }
      },
      "block:red_nether_brick": {
        "add": {
          "component_groups": [
            "minecraft:red_nether_brick"
          ]
        }
      },
      "block:red_sand": {
        "add": {
          "component_groups": [
            "minecraft:red_sand"
          ]
        }
      },
      "block:redstone_lamp": {
        "add": {
          "component_groups": [
            "minecraft:redstone_lamp"
          ]
        }
      },
      "block:lit_redstone_lamp": {
        "add": {
          "component_groups": [
            "minecraft:lit_redstone_lamp"
          ]
        }
      },
      "block:sand": {
        "add": {
          "component_groups": [
            "minecraft:sand"
          ]
        }
      },
      "block:sculk": {
        "add": {
          "component_groups": [
            "minecraft:sculk"
          ]
        }
      },
      "block:sea_lantern": {
        "add": {
          "component_groups": [
            "minecraft:sea_lantern"
          ]
        }
      },
      "block:shroomlight": {
        "add": {
          "component_groups": [
            "minecraft:shroomlight"
          ]
        }
      },
      "block:smooth_basalt": {
        "add": {
          "component_groups": [
            "minecraft:smooth_basalt"
          ]
        }
      },
      "block:soul_sand": {
        "add": {
          "component_groups": [
            "minecraft:soul_sand"
          ]
        }
      },
      "block:soul_soil": {
        "add": {
          "component_groups": [
            "minecraft:soul_soil"
          ]
        }
      },
      "block:sponge": {
        "add": {
          "component_groups": [
            "minecraft:sponge"
          ]
        }
      },
      "block:sponge_wet": {
        "add": {
          "component_groups": [
            "minecraft:sponge_wet"
          ]
        }
      },
      "block:andesite_stone": {
        "add": {
          "component_groups": [
            "minecraft:andesite_stone"
          ]
        }
      },
      "block:diorite_stone": {
        "add": {
          "component_groups": [
            "minecraft:diorite_stone"
          ]
        }
      },
      "block:granite_stone": {
        "add": {
          "component_groups": [
            "minecraft:granite_stone"
          ]
        }
      },
      "block:andesite_stone_smooth": {
        "add": {
          "component_groups": [
            "minecraft:andesite_stone_smooth"
          ]
        }
      },
      "block:diorite_stone_smooth": {
        "add": {
          "component_groups": [
            "minecraft:diorite_stone_smooth"
          ]
        }
      },
      "block:granite_stone_smooth": {
        "add": {
          "component_groups": [
            "minecraft:granite_stone_smooth"
          ]
        }
      },
      "block:stone": {
        "add": {
          "component_groups": [
            "minecraft:stone"
          ]
        }
      },
      "block:stonebrick": {
        "add": {
          "component_groups": [
            "minecraft:stonebrick"
          ]
        }
      },
      "block:mossy_stonebrick": {
        "add": {
          "component_groups": [
            "minecraft:mossy_stonebrick"
          ]
        }
      },
      "block:cracked_stonebrick": {
        "add": {
          "component_groups": [
            "minecraft:cracked_stonebrick"
          ]
        }
      },
      "block:carved_stonebrick": {
        "add": {
          "component_groups": [
            "minecraft:carved_stonebrick"
          ]
        }
      },
      "block:structure_block": {
        "add": {
          "component_groups": [
            "minecraft:structure_block"
          ]
        }
      },
      "block:warped_wart_block": {
        "add": {
          "component_groups": [
            "minecraft:warped_wart_block"
          ]
        }
      },
      "block:stripped_oak_wood": {
        "add": {
          "component_groups": [
            "minecraft:stripped_oak_wood"
          ]
        }
      },
      "block:stripped_spruce_wood": {
        "add": {
          "component_groups": [
            "minecraft:stripped_spruce_wood"
          ]
        }
      },
      "block:stripped_brich_wood": {
        "add": {
          "component_groups": [
            "minecraft:stripped_brich_wood"
          ]
        }
      },
      "block:stripped_jungle_wood": {
        "add": {
          "component_groups": [
            "minecraft:stripped_jungle_wood"
          ]
        }
      },
      "block:stripped_acacia_wood": {
        "add": {
          "component_groups": [
            "minecraft:stripped_acacia_wood"
          ]
        }
      },
      "block:stripped_dark_oak_wood": {
        "add": {
          "component_groups": [
            "minecraft:stripped_dark_oak_wood"
          ]
        }
      },
      "block:stripped_crimson_wood": {
        "add": {
          "component_groups": [
            "minecraft:stripped_crimson_wood"
          ]
        }
      },
      "block:stripped_warped_wood": {
        "add": {
          "component_groups": [
            "minecraft:stripped_warped_wood"
          ]
        }
      },
      "block:stripped_mangrove_wood": {
        "add": {
          "component_groups": [
            "minecraft:stripped_mangrove_wood"
          ]
        }
      },
      "on:death": {
        "run_command": {
          "command": []
        }
      },
      "on:hurt": {
        "run_command": {
          "command": []
        }
      },
      "on:hurt_by_player": {
        "run_command": {
          "command": []
        }
      },
      "on:ignite": {
        "run_command": {
          "command": []
        }
      },
      "on:target_acquired": {
        "run_command": {
          "command": []
        }
      },
      "on:target_escape": {
        "run_command": {
          "command": []
        }
      },
      "on:wake_with_owner": {
        "run_command": {
          "command": []
        }
      },
      "on:tick_action": {
        "run_command": {
          "command": []
        }
      }
    }
  }
}