{
  "format_version": "1.12.0",
  "minecraft:geometry": [
    {
      "description": {
        "identifier": "geometry.block_noclip",
        "texture_width": 64,
        "texture_height": 64,
        "visible_bounds_width": 2,
        "visible_bounds_height": 2.5,
        "visible_bounds_offset": [
          0,
          0.75,
          0
        ]
      },
      "bones": [
        {
          "name": "root",
          "pivot": [
            0,
            0,
            0
          ],
          "cubes": [
            {
              "origin": [
                -32,
                -24,
                -32
              ],
              "size": [
                64,
                64,
                48
              ],
              "inflate": -24,
              "uv": [
                -48,
                -48
              ]
            },
            {
              "origin": [
                -32,
                -24,
                -32
              ],
              "size": [
                64,
                64,
                48
              ],
              "inflate": -24,
              "pivot": [
                0,
                0,
                0
              ],
              "rotation": [
                0,
                -90,
                0
              ],
              "uv": [
                -48,
                -48
              ]
            },
            {
              "origin": [
                -32,
                -24,
                -32
              ],
              "size": [
                64,
                64,
                48
              ],
              "inflate": -24,
              "pivot": [
                0,
                0,
                0
              ],
              "rotation": [
                0,
                180,
                0
              ],
              "uv": [
                -48,
                -48
              ]
            },
            {
              "origin": [
                -32,
                -32,
                -40
              ],
              "size": [
                64,
                64,
                48
              ],
              "inflate": -24,
              "pivot": [
                0,
                0,
                0
              ],
              "rotation": [
                -90,
                0,
                0
              ],
              "uv": [
                -48,
                -48
              ]
            },
            {
              "origin": [
                -32,
                -32,
                -24
              ],
              "size": [
                64,
                64,
                48
              ],
              "inflate": -24,
              "pivot": [
                0,
                0,
                0
              ],
              "rotation": [
                90,
                0,
                0
              ],
              "uv": [
                -48,
                -48
              ]
            },
            {
              "origin": [
                -32,
                -24,
                -32
              ],
              "size": [
                64,
                64,
                48
              ],
              "inflate": -24,
              "pivot": [
                0,
                0,
                0
              ],
              "rotation": [
                0,
                90,
                0
              ],
              "uv": [
                -48,
                -48
              ]
            }
          ]
        }
      ]
    }
  ]
}