{
  "format_version": "1.17.20",
  "minecraft:npc_dialogue": {
    "scenes": [
      {
        "scene_tag": "dialogue",
        "npc_name": "",
        "text": "",
        "on_open_commands": [
          "/help"
        ],
        "on_close_commands": [
          "/help"
        ],
        "buttons": [
          {
            "name": "My Button",
            "commands": [
              ""
            ]
          },
          {
            "name": "My Button",
            "commands": [
              ""
            ]
          },
          {
            "name": "My Button",
            "commands": [
              ""
            ]
          },
          {
            "name": "My Button",
            "commands": [
              ""
            ]
          },
          {
            "name": "My Button",
            "commands": [
              ""
            ]
          },
          {
            "name": "My Button",
            "commands": [
              ""
            ]
          }
        ]
      }
    ]
  }
}